threshold,accuracy,balanced_accuracy,precision,recall,sensitivity,specificity,negative_predictive_value,f1,youden_j,true_negative,false_positive,false_negative,true_positive
0.01,0.48616600790513836,0.5,0.48616600790513836,1.0,1.0,0.0,0.0,0.6542553191489362,0.0,0,130,0,123
0.015,0.48616600790513836,0.5,0.48616600790513836,1.0,1.0,0.0,0.0,0.6542553191489362,0.0,0,130,0,123
0.019999999999999997,0.48616600790513836,0.5,0.48616600790513836,1.0,1.0,0.0,0.0,0.6542553191489362,0.0,0,130,0,123
0.024999999999999998,0.48616600790513836,0.5,0.48616600790513836,1.0,1.0,0.0,0.0,0.6542553191489362,0.0,0,130,0,123
0.03,0.48616600790513836,0.5,0.48616600790513836,1.0,1.0,0.0,0.0,0.6542553191489362,0.0,0,130,0,123
0.034999999999999996,0.48616600790513836,0.5,0.48616600790513836,1.0,1.0,0.0,0.0,0.6542553191489362,0.0,0,130,0,123
0.039999999999999994,0.48616600790513836,0.5,0.48616600790513836,1.0,1.0,0.0,0.0,0.6542553191489362,0.0,0,130,0,123
0.045,0.48616600790513836,0.5,0.48616600790513836,1.0,1.0,0.0,0.0,0.6542553191489362,0.0,0,130,0,123
0.049999999999999996,0.48616600790513836,0.5,0.48616600790513836,1.0,1.0,0.0,0.0,0.6542553191489362,0.0,0,130,0,123
0.05499999999999999,0.48616600790513836,0.5,0.48616600790513836,1.0,1.0,0.0,0.0,0.6542553191489362,0.0,0,130,0,123
0.05999999999999999,0.48616600790513836,0.5,0.48616600790513836,1.0,1.0,0.0,0.0,0.6542553191489362,0.0,0,130,0,123
0.06499999999999999,0.4901185770750988,0.5038461538461538,0.4880952380952381,1.0,1.0,0.007692307692307693,1.0,0.656,0.007692307692307665,1,129,0,123
0.06999999999999999,0.4901185770750988,0.5038461538461538,0.4880952380952381,1.0,1.0,0.007692307692307693,1.0,0.656,0.007692307692307665,1,129,0,123
0.07499999999999998,0.4901185770750988,0.5038461538461538,0.4880952380952381,1.0,1.0,0.007692307692307693,1.0,0.656,0.007692307692307665,1,129,0,123
0.07999999999999999,0.4901185770750988,0.5038461538461538,0.4880952380952381,1.0,1.0,0.007692307692307693,1.0,0.656,0.007692307692307665,1,129,0,123
0.08499999999999998,0.4901185770750988,0.5038461538461538,0.4880952380952381,1.0,1.0,0.007692307692307693,1.0,0.656,0.007692307692307665,1,129,0,123
0.08999999999999998,0.4901185770750988,0.5038461538461538,0.4880952380952381,1.0,1.0,0.007692307692307693,1.0,0.656,0.007692307692307665,1,129,0,123
0.09499999999999999,0.4901185770750988,0.5038461538461538,0.4880952380952381,1.0,1.0,0.007692307692307693,1.0,0.656,0.007692307692307665,1,129,0,123
0.09999999999999998,0.4901185770750988,0.5038461538461538,0.4880952380952381,1.0,1.0,0.007692307692307693,1.0,0.656,0.007692307692307665,1,129,0,123
0.10499999999999998,0.48616600790513836,0.4997811131957473,0.4860557768924303,0.991869918699187,0.991869918699187,0.007692307692307693,0.5,0.6524064171122995,-0.0004377736085053874,1,129,1,122
0.10999999999999997,0.4901185770750988,0.5036272670419012,0.488,0.991869918699187,0.991869918699187,0.015384615384615385,0.6666666666666666,0.6541554959785523,0.007254534083802389,2,128,1,122
0.11499999999999998,0.4901185770750988,0.5036272670419012,0.488,0.991869918699187,0.991869918699187,0.015384615384615385,0.6666666666666666,0.6541554959785523,0.007254534083802389,2,128,1,122
0.11999999999999998,0.49407114624505927,0.507473420888055,0.4899598393574297,0.991869918699187,0.991869918699187,0.023076923076923078,0.75,0.6559139784946236,0.014946841776110054,3,127,1,122
0.12499999999999997,0.49407114624505927,0.507473420888055,0.4899598393574297,0.991869918699187,0.991869918699187,0.023076923076923078,0.75,0.6559139784946236,0.014946841776110054,3,127,1,122
0.12999999999999998,0.4980237154150198,0.5111006879299562,0.491869918699187,0.983739837398374,0.983739837398374,0.038461538461538464,0.7142857142857143,0.6558265582655827,0.022201375859912442,5,125,2,121
0.13499999999999998,0.4980237154150198,0.5111006879299562,0.491869918699187,0.983739837398374,0.983739837398374,0.038461538461538464,0.7142857142857143,0.6558265582655827,0.022201375859912442,5,125,2,121
0.13999999999999999,0.5138339920948617,0.5264853033145717,0.5,0.983739837398374,0.983739837398374,0.06923076923076923,0.8181818181818182,0.663013698630137,0.052970606629143324,9,121,2,121
0.145,0.5177865612648221,0.5301125703564727,0.502092050209205,0.975609756097561,0.975609756097561,0.08461538461538462,0.7857142857142857,0.6629834254143646,0.06022514071294549,11,119,3,120
0.15,0.5177865612648221,0.5298936835522201,0.5021097046413502,0.967479674796748,0.967479674796748,0.09230769230769231,0.75,0.6611111111111111,0.059787367104440214,12,118,4,119
0.155,0.525691699604743,0.5375859912445279,0.5063829787234042,0.967479674796748,0.967479674796748,0.1076923076923077,0.7777777777777778,0.664804469273743,0.07517198248905577,14,116,4,119
0.15999999999999998,0.5296442687747036,0.5414321450906817,0.5085470085470085,0.967479674796748,0.967479674796748,0.11538461538461539,0.7894736842105263,0.6666666666666666,0.08286429018136343,15,115,4,119
0.16499999999999998,0.5296442687747036,0.5412132582864291,0.5086206896551724,0.959349593495935,0.959349593495935,0.12307692307692308,0.7619047619047619,0.6647887323943662,0.08242651657285816,16,114,5,118
0.16999999999999998,0.5296442687747036,0.5409943714821763,0.508695652173913,0.9512195121951219,0.9512195121951219,0.13076923076923078,0.7391304347826086,0.6628895184135978,0.08198874296435266,17,113,6,117
0.175,0.549407114624506,0.5602251407129456,0.52,0.9512195121951219,0.9512195121951219,0.16923076923076924,0.7857142857142857,0.6724137931034483,0.1204502814258912,22,108,6,117
0.18,0.5573122529644269,0.5679174484052533,0.5246636771300448,0.9512195121951219,0.9512195121951219,0.18461538461538463,0.8,0.6763005780346821,0.13583489681050653,24,106,6,117
0.18499999999999997,0.5573122529644269,0.5672607879924954,0.5253456221198156,0.926829268292683,0.926829268292683,0.2076923076923077,0.75,0.6705882352941176,0.1345215759849907,27,103,9,114
0.18999999999999997,0.5652173913043478,0.574953095684803,0.5302325581395348,0.926829268292683,0.926829268292683,0.2230769230769231,0.7631578947368421,0.6745562130177515,0.14990619136960603,29,101,9,114
0.19499999999999998,0.5652173913043478,0.574953095684803,0.5302325581395348,0.926829268292683,0.926829268292683,0.2230769230769231,0.7631578947368421,0.6745562130177515,0.14990619136960603,29,101,9,114
0.19999999999999998,0.5849802371541502,0.5941838649155723,0.5428571428571428,0.926829268292683,0.926829268292683,0.26153846153846155,0.7906976744186046,0.6846846846846847,0.18836772983114458,34,96,9,114
0.205,0.5928853754940712,0.60187617260788,0.5480769230769231,0.926829268292683,0.926829268292683,0.27692307692307694,0.8,0.6888217522658611,0.2037523452157599,36,94,9,114
0.20999999999999996,0.6047430830039525,0.6134146341463415,0.5560975609756098,0.926829268292683,0.926829268292683,0.3,0.8125,0.6951219512195121,0.2268292682926829,39,91,9,114
0.21499999999999997,0.6126482213438735,0.6211069418386492,0.5615763546798029,0.926829268292683,0.926829268292683,0.3153846153846154,0.82,0.6993865030674846,0.24221388367729846,41,89,9,114
0.21999999999999997,0.6324110671936759,0.6403377110694184,0.5757575757575758,0.926829268292683,0.926829268292683,0.35384615384615387,0.8363636363636363,0.7102803738317757,0.2806754221388368,46,84,9,114
0.22499999999999998,0.6324110671936759,0.6403377110694184,0.5757575757575758,0.926829268292683,0.926829268292683,0.35384615384615387,0.8363636363636363,0.7102803738317757,0.2806754221388368,46,84,9,114
0.22999999999999998,0.616600790513834,0.6240775484677924,0.5670103092783505,0.8943089430894309,0.8943089430894309,0.35384615384615387,0.7796610169491526,0.694006309148265,0.2481550969355848,46,84,13,110
0.235,0.6245059288537549,0.6317698561601001,0.5729166666666666,0.8943089430894309,0.8943089430894309,0.36923076923076925,0.7868852459016393,0.6984126984126984,0.2635397123202001,48,82,13,110
0.23999999999999996,0.6284584980237155,0.6356160100062539,0.5759162303664922,0.8943089430894309,0.8943089430894309,0.3769230769230769,0.7903225806451613,0.7006369426751592,0.2712320200125078,49,81,13,110
0.24499999999999997,0.6442687747035574,0.6510006253908693,0.5882352941176471,0.8943089430894309,0.8943089430894309,0.4076923076923077,0.803030303030303,0.7096774193548387,0.3020012507817387,53,77,13,110
0.24999999999999997,0.6482213438735178,0.6548467792370232,0.5913978494623656,0.8943089430894309,0.8943089430894309,0.4153846153846154,0.8059701492537313,0.7119741100323624,0.30969355847404634,54,76,13,110
0.25499999999999995,0.6640316205533597,0.6697936210131332,0.6067415730337079,0.8780487804878049,0.8780487804878049,0.46153846153846156,0.8,0.717607973421927,0.33958724202626644,60,70,15,108
0.25999999999999995,0.6758893280632411,0.6808943089430894,0.6198830409356725,0.8617886178861789,0.8617886178861789,0.5,0.7926829268292683,0.7210884353741497,0.3617886178861789,65,65,17,106
0.26499999999999996,0.6877470355731226,0.6924327704815509,0.6309523809523809,0.8617886178861789,0.8617886178861789,0.5230769230769231,0.8,0.7285223367697594,0.3848655409631019,68,62,17,106
0.26999999999999996,0.6758893280632411,0.6802376485303314,0.6242424242424243,0.8373983739837398,0.8373983739837398,0.5230769230769231,0.7727272727272727,0.7152777777777778,0.36047529706066284,68,62,20,103
0.27499999999999997,0.6798418972332015,0.6838649155722326,0.6296296296296297,0.8292682926829268,0.8292682926829268,0.5384615384615384,0.7692307692307693,0.7157894736842105,0.3677298311444652,70,60,21,102
0.27999999999999997,0.6798418972332015,0.68364602876798,0.63125,0.8211382113821138,0.8211382113821138,0.5461538461538461,0.7634408602150538,0.7137809187279152,0.36729205753595995,71,59,22,101
0.285,0.6837944664031621,0.6874921826141338,0.6352201257861635,0.8211382113821138,0.8211382113821138,0.5538461538461539,0.7659574468085106,0.7163120567375887,0.3749843652282676,72,58,22,101
0.29,0.691699604743083,0.6951844903064415,0.643312101910828,0.8211382113821138,0.8211382113821138,0.5692307692307692,0.7708333333333334,0.7214285714285714,0.39036898061288294,74,56,22,101
0.295,0.6877470355731226,0.691119449656035,0.6410256410256411,0.8130081300813008,0.8130081300813008,0.5692307692307692,0.7628865979381443,0.7168458781362007,0.38223889931207,74,56,23,100
0.3,0.6837944664031621,0.6870544090056285,0.6387096774193548,0.8048780487804879,0.8048780487804879,0.5692307692307692,0.7551020408163265,0.7122302158273381,0.37410881801125706,74,56,24,99
0.30499999999999994,0.6758893280632411,0.6789243277048155,0.6339869281045751,0.7886178861788617,0.7886178861788617,0.5692307692307692,0.74,0.7028985507246377,0.35784865540963096,74,56,26,97
0.30999999999999994,0.6798418972332015,0.6827704815509693,0.6381578947368421,0.7886178861788617,0.7886178861788617,0.5769230769230769,0.7425742574257426,0.7054545454545454,0.3655409631019386,75,55,26,97
0.31499999999999995,0.691699604743083,0.6940900562851782,0.6530612244897959,0.7804878048780488,0.7804878048780488,0.6076923076923076,0.7452830188679245,0.7111111111111111,0.38818011257035634,79,51,27,96
0.31999999999999995,0.691699604743083,0.6936522826766729,0.6573426573426573,0.7642276422764228,0.7642276422764228,0.6230769230769231,0.7363636363636363,0.706766917293233,0.3873045653533458,81,49,29,94
0.32499999999999996,0.6996047430830039,0.7013445903689806,0.6666666666666666,0.7642276422764228,0.7642276422764228,0.6384615384615384,0.7410714285714286,0.7121212121212122,0.4026891807379611,83,47,29,94
0.32999999999999996,0.6996047430830039,0.7013445903689806,0.6666666666666666,0.7642276422764228,0.7642276422764228,0.6384615384615384,0.7410714285714286,0.7121212121212122,0.4026891807379611,83,47,29,94
0.33499999999999996,0.7114624505928854,0.7128830519074422,0.6811594202898551,0.7642276422764228,0.7642276422764228,0.6615384615384615,0.7478260869565218,0.7203065134099617,0.42576610381488433,86,44,29,94
0.33999999999999997,0.7193675889328063,0.7203564727954972,0.6940298507462687,0.7560975609756098,0.7560975609756098,0.6846153846153846,0.7478991596638656,0.7237354085603113,0.4407129455909944,89,41,30,93
0.345,0.7193675889328063,0.7201375859912444,0.696969696969697,0.7479674796747967,0.7479674796747967,0.6923076923076923,0.743801652892562,0.7215686274509804,0.4402751719824889,90,40,31,92
0.35,0.7233201581027668,0.7239837398373983,0.7022900763358778,0.7479674796747967,0.7479674796747967,0.7,0.7459016393442623,0.7244094488188977,0.44796747967479655,91,39,31,92
0.355,0.7233201581027668,0.7237648530331457,0.7054263565891473,0.7398373983739838,0.7398373983739838,0.7076923076923077,0.7419354838709677,0.7222222222222222,0.4475297060662915,92,38,32,91
0.35999999999999993,0.7193675889328063,0.7196998123827392,0.703125,0.7317073170731707,0.7317073170731707,0.7076923076923077,0.736,0.7171314741035857,0.43939962476547834,92,38,33,90
0.36499999999999994,0.7154150197628458,0.7156347717323328,0.7007874015748031,0.7235772357723578,0.7235772357723578,0.7076923076923077,0.7301587301587301,0.712,0.4312695434646656,92,38,34,89
0.36999999999999994,0.7114624505928854,0.7113508442776735,0.7016129032258065,0.7073170731707317,0.7073170731707317,0.7153846153846154,0.7209302325581395,0.7044534412955465,0.42270168855534695,93,37,36,87
0.37499999999999994,0.7114624505928854,0.7113508442776735,0.7016129032258065,0.7073170731707317,0.7073170731707317,0.7153846153846154,0.7209302325581395,0.7044534412955465,0.42270168855534695,93,37,36,87
0.37999999999999995,0.7154150197628458,0.7151969981238273,0.7073170731707317,0.7073170731707317,0.7073170731707317,0.7230769230769231,0.7230769230769231,0.7073170731707317,0.4303939962476546,94,36,36,87
0.38499999999999995,0.7114624505928854,0.711131957473421,0.7049180327868853,0.6991869918699187,0.6991869918699187,0.7230769230769231,0.7175572519083969,0.7020408163265306,0.4222639149468419,94,36,37,86
0.38999999999999996,0.7114624505928854,0.711131957473421,0.7049180327868853,0.6991869918699187,0.6991869918699187,0.7230769230769231,0.7175572519083969,0.7020408163265306,0.4222639149468419,94,36,37,86
0.39499999999999996,0.7154150197628458,0.7149781113195748,0.7107438016528925,0.6991869918699187,0.6991869918699187,0.7307692307692307,0.7196969696969697,0.7049180327868853,0.42995622263914957,95,35,37,86
0.39999999999999997,0.7154150197628458,0.7149781113195748,0.7107438016528925,0.6991869918699187,0.6991869918699187,0.7307692307692307,0.7196969696969697,0.7049180327868853,0.42995622263914957,95,35,37,86
0.40499999999999997,0.7154150197628458,0.7149781113195748,0.7107438016528925,0.6991869918699187,0.6991869918699187,0.7307692307692307,0.7196969696969697,0.7049180327868853,0.42995622263914957,95,35,37,86
0.4099999999999999,0.7154150197628458,0.7149781113195748,0.7107438016528925,0.6991869918699187,0.6991869918699187,0.7307692307692307,0.7196969696969697,0.7049180327868853,0.42995622263914957,95,35,37,86
0.4149999999999999,0.7114624505928854,0.7109130706691682,0.7083333333333334,0.6910569105691057,0.6910569105691057,0.7307692307692307,0.7142857142857143,0.6995884773662552,0.4218261413383364,95,35,38,85
0.41999999999999993,0.7114624505928854,0.7109130706691682,0.7083333333333334,0.6910569105691057,0.6910569105691057,0.7307692307692307,0.7142857142857143,0.6995884773662552,0.4218261413383364,95,35,38,85
0.42499999999999993,0.7114624505928854,0.7109130706691682,0.7083333333333334,0.6910569105691057,0.6910569105691057,0.7307692307692307,0.7142857142857143,0.6995884773662552,0.4218261413383364,95,35,38,85
0.42999999999999994,0.7114624505928854,0.7109130706691682,0.7083333333333334,0.6910569105691057,0.6910569105691057,0.7307692307692307,0.7142857142857143,0.6995884773662552,0.4218261413383364,95,35,38,85
0.43499999999999994,0.7075098814229249,0.7068480300187617,0.7058823529411765,0.6829268292682927,0.6829268292682927,0.7307692307692307,0.7089552238805971,0.6942148760330579,0.41369606003752346,95,35,39,84
0.43999999999999995,0.7075098814229249,0.7068480300187617,0.7058823529411765,0.6829268292682927,0.6829268292682927,0.7307692307692307,0.7089552238805971,0.6942148760330579,0.41369606003752346,95,35,39,84
0.44499999999999995,0.7075098814229249,0.7068480300187617,0.7058823529411765,0.6829268292682927,0.6829268292682927,0.7307692307692307,0.7089552238805971,0.6942148760330579,0.41369606003752346,95,35,39,84
0.44999999999999996,0.7114624505928854,0.7106941838649157,0.711864406779661,0.6829268292682927,0.6829268292682927,0.7384615384615385,0.7111111111111111,0.6970954356846473,0.42138836772983135,96,34,39,84
0.45499999999999996,0.7114624505928854,0.7106941838649157,0.711864406779661,0.6829268292682927,0.6829268292682927,0.7384615384615385,0.7111111111111111,0.6970954356846473,0.42138836772983135,96,34,39,84
0.45999999999999996,0.7114624505928854,0.7106941838649157,0.711864406779661,0.6829268292682927,0.6829268292682927,0.7384615384615385,0.7111111111111111,0.6970954356846473,0.42138836772983135,96,34,39,84
0.4649999999999999,0.7075098814229249,0.7066291432145091,0.7094017094017094,0.6747967479674797,0.6747967479674797,0.7384615384615385,0.7058823529411765,0.6916666666666667,0.4132582864290182,96,34,40,83
0.4699999999999999,0.7075098814229249,0.7066291432145091,0.7094017094017094,0.6747967479674797,0.6747967479674797,0.7384615384615385,0.7058823529411765,0.6916666666666667,0.4132582864290182,96,34,40,83
0.4749999999999999,0.7114624505928854,0.7104752970606629,0.7155172413793104,0.6747967479674797,0.6747967479674797,0.7461538461538462,0.708029197080292,0.694560669456067,0.42095059412132585,97,33,40,83
0.4799999999999999,0.7114624505928854,0.7104752970606629,0.7155172413793104,0.6747967479674797,0.6747967479674797,0.7461538461538462,0.708029197080292,0.694560669456067,0.42095059412132585,97,33,40,83
0.48499999999999993,0.7154150197628458,0.7143214509068168,0.7217391304347827,0.6747967479674797,0.6747967479674797,0.7538461538461538,0.7101449275362319,0.6974789915966386,0.4286429018136335,98,32,40,83
0.48999999999999994,0.7154150197628458,0.7143214509068168,0.7217391304347827,0.6747967479674797,0.6747967479674797,0.7538461538461538,0.7101449275362319,0.6974789915966386,0.4286429018136335,98,32,40,83
0.49499999999999994,0.7233201581027668,0.7220137585991244,0.7345132743362832,0.6747967479674797,0.6747967479674797,0.7692307692307693,0.7142857142857143,0.7033898305084746,0.44402751719824884,100,30,40,83
0.49999999999999994,0.7233201581027668,0.7220137585991244,0.7345132743362832,0.6747967479674797,0.6747967479674797,0.7692307692307693,0.7142857142857143,0.7033898305084746,0.44402751719824884,100,30,40,83
0.5049999999999999,0.7233201581027668,0.7220137585991244,0.7345132743362832,0.6747967479674797,0.6747967479674797,0.7692307692307693,0.7142857142857143,0.7033898305084746,0.44402751719824884,100,30,40,83
0.5099999999999999,0.7272727272727273,0.7258599124452783,0.7410714285714286,0.6747967479674797,0.6747967479674797,0.7769230769230769,0.7163120567375887,0.7063829787234043,0.4517198248905565,101,29,40,83
0.5149999999999999,0.7272727272727273,0.7258599124452783,0.7410714285714286,0.6747967479674797,0.6747967479674797,0.7769230769230769,0.7163120567375887,0.7063829787234043,0.4517198248905565,101,29,40,83
0.5199999999999999,0.7272727272727273,0.7258599124452783,0.7410714285714286,0.6747967479674797,0.6747967479674797,0.7769230769230769,0.7163120567375887,0.7063829787234043,0.4517198248905565,101,29,40,83
0.5249999999999999,0.7272727272727273,0.7258599124452783,0.7410714285714286,0.6747967479674797,0.6747967479674797,0.7769230769230769,0.7163120567375887,0.7063829787234043,0.4517198248905565,101,29,40,83
0.5299999999999999,0.7351778656126482,0.7335522201375859,0.7545454545454545,0.6747967479674797,0.6747967479674797,0.7923076923076923,0.7202797202797203,0.7124463519313304,0.46710444027517184,103,27,40,83
0.5349999999999999,0.7351778656126482,0.7335522201375859,0.7545454545454545,0.6747967479674797,0.6747967479674797,0.7923076923076923,0.7202797202797203,0.7124463519313304,0.46710444027517184,103,27,40,83
0.5399999999999999,0.7351778656126482,0.7335522201375859,0.7545454545454545,0.6747967479674797,0.6747967479674797,0.7923076923076923,0.7202797202797203,0.7124463519313304,0.46710444027517184,103,27,40,83
0.5449999999999999,0.7351778656126482,0.7335522201375859,0.7545454545454545,0.6747967479674797,0.6747967479674797,0.7923076923076923,0.7202797202797203,0.7124463519313304,0.46710444027517184,103,27,40,83
0.5499999999999999,0.7351778656126482,0.7335522201375859,0.7545454545454545,0.6747967479674797,0.6747967479674797,0.7923076923076923,0.7202797202797203,0.7124463519313304,0.46710444027517184,103,27,40,83
0.5549999999999999,0.7351778656126482,0.7335522201375859,0.7545454545454545,0.6747967479674797,0.6747967479674797,0.7923076923076923,0.7202797202797203,0.7124463519313304,0.46710444027517184,103,27,40,83
0.5599999999999999,0.7351778656126482,0.7335522201375859,0.7545454545454545,0.6747967479674797,0.6747967479674797,0.7923076923076923,0.7202797202797203,0.7124463519313304,0.46710444027517184,103,27,40,83
0.565,0.7351778656126482,0.7333333333333334,0.7592592592592593,0.6666666666666666,0.6666666666666666,0.8,0.7172413793103448,0.70995670995671,0.4666666666666668,104,26,41,82
0.57,0.7351778656126482,0.7333333333333334,0.7592592592592593,0.6666666666666666,0.6666666666666666,0.8,0.7172413793103448,0.70995670995671,0.4666666666666668,104,26,41,82
0.575,0.7430830039525692,0.7410256410256411,0.7735849056603774,0.6666666666666666,0.6666666666666666,0.8153846153846154,0.7210884353741497,0.7161572052401747,0.4820512820512821,106,24,41,82
0.58,0.7430830039525692,0.7410256410256411,0.7735849056603774,0.6666666666666666,0.6666666666666666,0.8153846153846154,0.7210884353741497,0.7161572052401747,0.4820512820512821,106,24,41,82
0.585,0.7430830039525692,0.7410256410256411,0.7735849056603774,0.6666666666666666,0.6666666666666666,0.8153846153846154,0.7210884353741497,0.7161572052401747,0.4820512820512821,106,24,41,82
0.59,0.7391304347826086,0.7369606003752345,0.7714285714285715,0.6585365853658537,0.6585365853658537,0.8153846153846154,0.7162162162162162,0.7105263157894737,0.47392120075046895,106,24,42,81
0.595,0.7391304347826086,0.7369606003752345,0.7714285714285715,0.6585365853658537,0.6585365853658537,0.8153846153846154,0.7162162162162162,0.7105263157894737,0.47392120075046895,106,24,42,81
0.5999999999999999,0.7391304347826086,0.7369606003752345,0.7714285714285715,0.6585365853658537,0.6585365853658537,0.8153846153846154,0.7162162162162162,0.7105263157894737,0.47392120075046895,106,24,42,81
0.6049999999999999,0.7391304347826086,0.7369606003752345,0.7714285714285715,0.6585365853658537,0.6585365853658537,0.8153846153846154,0.7162162162162162,0.7105263157894737,0.47392120075046895,106,24,42,81
0.6099999999999999,0.7391304347826086,0.7369606003752345,0.7714285714285715,0.6585365853658537,0.6585365853658537,0.8153846153846154,0.7162162162162162,0.7105263157894737,0.47392120075046895,106,24,42,81
0.6149999999999999,0.7391304347826086,0.7369606003752345,0.7714285714285715,0.6585365853658537,0.6585365853658537,0.8153846153846154,0.7162162162162162,0.7105263157894737,0.47392120075046895,106,24,42,81
0.6199999999999999,0.7391304347826086,0.7369606003752345,0.7714285714285715,0.6585365853658537,0.6585365853658537,0.8153846153846154,0.7162162162162162,0.7105263157894737,0.47392120075046895,106,24,42,81
0.6249999999999999,0.7391304347826086,0.7365228267667292,0.7821782178217822,0.6422764227642277,0.6422764227642277,0.8307692307692308,0.7105263157894737,0.7053571428571429,0.4730456535334584,108,22,44,79
0.6299999999999999,0.7391304347826086,0.7365228267667292,0.7821782178217822,0.6422764227642277,0.6422764227642277,0.8307692307692308,0.7105263157894737,0.7053571428571429,0.4730456535334584,108,22,44,79
0.6349999999999999,0.7391304347826086,0.7365228267667292,0.7821782178217822,0.6422764227642277,0.6422764227642277,0.8307692307692308,0.7105263157894737,0.7053571428571429,0.4730456535334584,108,22,44,79
0.6399999999999999,0.7391304347826086,0.7365228267667292,0.7821782178217822,0.6422764227642277,0.6422764227642277,0.8307692307692308,0.7105263157894737,0.7053571428571429,0.4730456535334584,108,22,44,79
0.6449999999999999,0.7391304347826086,0.7365228267667292,0.7821782178217822,0.6422764227642277,0.6422764227642277,0.8307692307692308,0.7105263157894737,0.7053571428571429,0.4730456535334584,108,22,44,79
0.6499999999999999,0.7430830039525692,0.740368980612883,0.79,0.6422764227642277,0.6422764227642277,0.8384615384615385,0.7124183006535948,0.7085201793721974,0.48073796122576606,109,21,44,79
0.6549999999999999,0.7470355731225297,0.7442151344590369,0.797979797979798,0.6422764227642277,0.6422764227642277,0.8461538461538461,0.7142857142857143,0.7117117117117117,0.48843026891807373,110,20,44,79
0.6599999999999999,0.7430830039525692,0.7401500938086304,0.7959183673469388,0.6341463414634146,0.6341463414634146,0.8461538461538461,0.7096774193548387,0.7058823529411765,0.4803001876172608,110,20,45,78
0.6649999999999999,0.7430830039525692,0.7401500938086304,0.7959183673469388,0.6341463414634146,0.6341463414634146,0.8461538461538461,0.7096774193548387,0.7058823529411765,0.4803001876172608,110,20,45,78
0.6699999999999999,0.7351778656126482,0.7320200125078173,0.7916666666666666,0.6178861788617886,0.6178861788617886,0.8461538461538461,0.7006369426751592,0.6940639269406392,0.4640400250156347,110,20,47,76
0.6749999999999999,0.7351778656126482,0.7320200125078173,0.7916666666666666,0.6178861788617886,0.6178861788617886,0.8461538461538461,0.7006369426751592,0.6940639269406392,0.4640400250156347,110,20,47,76
0.6799999999999999,0.7312252964426877,0.7277360850531582,0.7956989247311828,0.6016260162601627,0.6016260162601627,0.8538461538461538,0.69375,0.6851851851851852,0.45547217010631647,111,19,49,74
0.6849999999999999,0.7351778656126482,0.7315822388993121,0.8043478260869565,0.6016260162601627,0.6016260162601627,0.8615384615384616,0.6956521739130435,0.6883720930232559,0.46316447779862413,112,18,49,74
0.69,0.7351778656126482,0.7315822388993121,0.8043478260869565,0.6016260162601627,0.6016260162601627,0.8615384615384616,0.6956521739130435,0.6883720930232559,0.46316447779862413,112,18,49,74
0.695,0.7312252964426877,0.727298311444653,0.8089887640449438,0.5853658536585366,0.5853658536585366,0.8692307692307693,0.6890243902439024,0.6792452830188679,0.4545966228893059,113,17,51,72
0.7,0.7312252964426877,0.7270794246404002,0.8160919540229885,0.5772357723577236,0.5772357723577236,0.8769230769230769,0.6867469879518072,0.6761904761904762,0.4541588492808004,114,16,52,71
0.7049999999999998,0.7312252964426877,0.7270794246404002,0.8160919540229885,0.5772357723577236,0.5772357723577236,0.8769230769230769,0.6867469879518072,0.6761904761904762,0.4541588492808004,114,16,52,71
0.7099999999999999,0.7272727272727273,0.7230143839899937,0.813953488372093,0.5691056910569106,0.5691056910569106,0.8769230769230769,0.6826347305389222,0.6698564593301436,0.4460287679799875,114,16,53,70
0.7149999999999999,0.7351778656126482,0.7307066916823015,0.8333333333333334,0.5691056910569106,0.5691056910569106,0.8923076923076924,0.6863905325443787,0.6763285024154589,0.461413383364603,116,14,53,70
0.7199999999999999,0.7312252964426877,0.7264227642276423,0.8395061728395061,0.5528455284552846,0.5528455284552846,0.9,0.6802325581395349,0.6666666666666666,0.4528455284552846,117,13,55,68
0.7249999999999999,0.7312252964426877,0.7262038774233897,0.8481012658227848,0.5447154471544715,0.5447154471544715,0.9076923076923077,0.6781609195402298,0.6633663366336634,0.4524077548467793,118,12,56,67
0.7299999999999999,0.7272727272727273,0.7221388367729831,0.8461538461538461,0.5365853658536586,0.5365853658536586,0.9076923076923077,0.6742857142857143,0.6567164179104478,0.44427767354596615,118,12,57,66
0.7349999999999999,0.7193675889328063,0.7140087554721701,0.8421052631578947,0.5203252032520326,0.5203252032520326,0.9076923076923077,0.6666666666666666,0.6432160804020101,0.42801751094434026,118,12,59,64
0.7399999999999999,0.7193675889328063,0.7137898686679174,0.8513513513513513,0.5121951219512195,0.5121951219512195,0.9153846153846154,0.664804469273743,0.6395939086294417,0.42757973733583476,119,11,60,63
0.7449999999999999,0.7193675889328063,0.7137898686679174,0.8513513513513513,0.5121951219512195,0.5121951219512195,0.9153846153846154,0.664804469273743,0.6395939086294417,0.42757973733583476,119,11,60,63
0.7499999999999999,0.7154150197628458,0.7097248280175109,0.8493150684931506,0.5040650406504065,0.5040650406504065,0.9153846153846154,0.6611111111111111,0.6326530612244898,0.4194496560350218,119,11,61,62
0.7549999999999999,0.7154150197628458,0.7097248280175109,0.8493150684931506,0.5040650406504065,0.5040650406504065,0.9153846153846154,0.6611111111111111,0.6326530612244898,0.4194496560350218,119,11,61,62
0.7599999999999999,0.7154150197628458,0.7097248280175109,0.8493150684931506,0.5040650406504065,0.5040650406504065,0.9153846153846154,0.6611111111111111,0.6326530612244898,0.4194496560350218,119,11,61,62
0.7649999999999999,0.7075098814229249,0.7015947467166979,0.8450704225352113,0.4878048780487805,0.4878048780487805,0.9153846153846154,0.6538461538461539,0.6185567010309279,0.4031894934333957,119,11,63,60
0.7699999999999999,0.7035573122529645,0.6975297060662914,0.8428571428571429,0.4796747967479675,0.4796747967479675,0.9153846153846154,0.6502732240437158,0.6113989637305699,0.3950594121325828,119,11,64,59
0.7749999999999999,0.6996047430830039,0.6934646654158849,0.8405797101449275,0.4715447154471545,0.4715447154471545,0.9153846153846154,0.6467391304347826,0.6041666666666666,0.38692933083176984,119,11,65,58
0.7799999999999999,0.691699604743083,0.6853345841150719,0.835820895522388,0.45528455284552843,0.45528455284552843,0.9153846153846154,0.6397849462365591,0.5894736842105263,0.37066916823014373,119,11,67,56
0.7849999999999999,0.6877470355731226,0.6812695434646654,0.8333333333333334,0.44715447154471544,0.44715447154471544,0.9153846153846154,0.6363636363636364,0.582010582010582,0.3625390869293308,119,11,68,55
0.7899999999999999,0.6719367588932806,0.6650093808630394,0.8225806451612904,0.4146341463414634,0.4146341463414634,0.9153846153846154,0.6230366492146597,0.5513513513513514,0.3300187617260788,119,11,72,51
0.7949999999999999,0.6679841897233202,0.6609443402126329,0.819672131147541,0.4065040650406504,0.4065040650406504,0.9153846153846154,0.6197916666666666,0.5434782608695652,0.32188868042526586,119,11,73,50
0.7999999999999999,0.6640316205533597,0.6564415259537211,0.8392857142857143,0.3821138211382114,0.3821138211382114,0.9307692307692308,0.6142131979695431,0.5251396648044693,0.31288305190744214,121,9,76,47
0.8049999999999999,0.6640316205533597,0.6562226391494684,0.8518518518518519,0.37398373983739835,0.37398373983739835,0.9384615384615385,0.6130653266331658,0.519774011299435,0.31244527829893687,122,8,77,46
0.8099999999999998,0.6679841897233202,0.6600687929956223,0.8679245283018868,0.37398373983739835,0.37398373983739835,0.9461538461538461,0.615,0.5227272727272727,0.32013758599124453,123,7,77,46
0.8149999999999998,0.6679841897233202,0.6600687929956223,0.8679245283018868,0.37398373983739835,0.37398373983739835,0.9461538461538461,0.615,0.5227272727272727,0.32013758599124453,123,7,77,46
0.8199999999999998,0.6600790513833992,0.6519387116948092,0.8627450980392157,0.35772357723577236,0.35772357723577236,0.9461538461538461,0.6089108910891089,0.5057471264367817,0.30387742338961843,123,7,79,44
0.8249999999999998,0.6561264822134387,0.6478736710444027,0.86,0.34959349593495936,0.34959349593495936,0.9461538461538461,0.6059113300492611,0.49710982658959535,0.2957473420888055,123,7,80,43
0.8299999999999998,0.6521739130434783,0.6438086303939963,0.8571428571428571,0.34146341463414637,0.34146341463414637,0.9461538461538461,0.6029411764705882,0.4883720930232558,0.28761726078799255,123,7,81,42
0.8349999999999999,0.6521739130434783,0.6435897435897436,0.8723404255319149,0.3333333333333333,0.3333333333333333,0.9538461538461539,0.6019417475728155,0.4823529411764706,0.28717948717948727,124,6,82,41
0.8399999999999999,0.6561264822134387,0.6474358974358975,0.8913043478260869,0.3333333333333333,0.3333333333333333,0.9615384615384616,0.6038647342995169,0.48520710059171596,0.29487179487179493,125,5,82,41
0.8449999999999999,0.6561264822134387,0.6474358974358975,0.8913043478260869,0.3333333333333333,0.3333333333333333,0.9615384615384616,0.6038647342995169,0.48520710059171596,0.29487179487179493,125,5,82,41
0.8499999999999999,0.6561264822134387,0.6472170106316448,0.9090909090909091,0.3252032520325203,0.3252032520325203,0.9692307692307692,0.6028708133971292,0.47904191616766467,0.29443402126328966,126,4,83,40
0.8549999999999999,0.6403162055335968,0.6309568480300187,0.9,0.2926829268292683,0.2926829268292683,0.9692307692307692,0.5915492957746479,0.44171779141104295,0.26191369606003745,126,4,87,36
0.8599999999999999,0.6363636363636364,0.6268918073796123,0.8974358974358975,0.2845528455284553,0.2845528455284553,0.9692307692307692,0.5887850467289719,0.43209876543209874,0.2537836147592245,126,4,88,35
0.8649999999999999,0.6284584980237155,0.6187617260787992,0.8918918918918919,0.2682926829268293,0.2682926829268293,0.9692307692307692,0.5833333333333334,0.4125,0.2375234521575984,126,4,90,33
0.8699999999999999,0.6284584980237155,0.6187617260787992,0.8918918918918919,0.2682926829268293,0.2682926829268293,0.9692307692307692,0.5833333333333334,0.4125,0.2375234521575984,126,4,90,33
0.8749999999999999,0.6205533596837944,0.6104127579737335,0.9090909090909091,0.24390243902439024,0.24390243902439024,0.9769230769230769,0.5772727272727273,0.38461538461538464,0.22082551594746702,127,3,93,30
0.8799999999999999,0.6086956521739131,0.5982176360225141,0.9,0.21951219512195122,0.21951219512195122,0.9769230769230769,0.5695067264573991,0.35294117647058826,0.1964352720450282,127,3,96,27
0.8849999999999999,0.6047430830039525,0.5941525953721075,0.896551724137931,0.21138211382113822,0.21138211382113822,0.9769230769230769,0.5669642857142857,0.34210526315789475,0.18830519074421503,127,3,97,26
0.8899999999999999,0.6047430830039525,0.5941525953721075,0.896551724137931,0.21138211382113822,0.21138211382113822,0.9769230769230769,0.5669642857142857,0.34210526315789475,0.18830519074421503,127,3,97,26
0.8949999999999999,0.6007905138339921,0.590087554721701,0.8928571428571429,0.2032520325203252,0.2032520325203252,0.9769230769230769,0.5644444444444444,0.33112582781456956,0.1801751094434021,127,3,98,25
0.8999999999999999,0.5968379446640316,0.5858036272670419,0.92,0.18699186991869918,0.18699186991869918,0.9846153846153847,0.5614035087719298,0.3108108108108108,0.17160725453408388,128,2,100,23
0.9049999999999999,0.5928853754940712,0.5817385866166355,0.9166666666666666,0.17886178861788618,0.17886178861788618,0.9846153846153847,0.5589519650655022,0.29931972789115646,0.16347717323327093,128,2,101,22
0.9099999999999999,0.5889328063241107,0.5776735459662289,0.9130434782608695,0.17073170731707318,0.17073170731707318,0.9846153846153847,0.5565217391304348,0.2876712328767123,0.15534709193245777,128,2,102,21
0.9149999999999999,0.5889328063241107,0.5776735459662289,0.9130434782608695,0.17073170731707318,0.17073170731707318,0.9846153846153847,0.5565217391304348,0.2876712328767123,0.15534709193245777,128,2,102,21
0.9199999999999998,0.5889328063241107,0.5776735459662289,0.9130434782608695,0.17073170731707318,0.17073170731707318,0.9846153846153847,0.5565217391304348,0.2876712328767123,0.15534709193245777,128,2,102,21
0.9249999999999998,0.5889328063241107,0.5776735459662289,0.9130434782608695,0.17073170731707318,0.17073170731707318,0.9846153846153847,0.5565217391304348,0.2876712328767123,0.15534709193245777,128,2,102,21
0.9299999999999998,0.5770750988142292,0.5654784240150094,0.9,0.14634146341463414,0.14634146341463414,0.9846153846153847,0.5493562231759657,0.2517482517482518,0.13095684803001872,128,2,105,18
0.9349999999999998,0.5691699604743083,0.5571294559099438,0.9375,0.12195121951219512,0.12195121951219512,0.9923076923076923,0.5443037974683544,0.2158273381294964,0.11425891181988757,129,1,108,15
0.9399999999999998,0.5652173913043478,0.5530644152595372,0.9333333333333333,0.11382113821138211,0.11382113821138211,0.9923076923076923,0.542016806722689,0.2028985507246377,0.1061288305190744,129,1,109,14
0.9449999999999998,0.5612648221343873,0.5489993746091307,0.9285714285714286,0.10569105691056911,0.10569105691056911,0.9923076923076923,0.5397489539748954,0.1897810218978102,0.09799874921826146,129,1,110,13
0.9499999999999998,0.5573122529644269,0.5449343339587243,0.9230769230769231,0.0975609756097561,0.0975609756097561,0.9923076923076923,0.5375,0.17647058823529413,0.08986866791744852,129,1,111,12
0.9549999999999998,0.541501976284585,0.5286741713570982,0.8888888888888888,0.06504065040650407,0.06504065040650407,0.9923076923076923,0.5286885245901639,0.12121212121212122,0.05734834271419631,129,1,115,8
0.9599999999999999,0.541501976284585,0.5286741713570982,0.8888888888888888,0.06504065040650407,0.06504065040650407,0.9923076923076923,0.5286885245901639,0.12121212121212122,0.05734834271419631,129,1,115,8
0.9649999999999999,0.5296442687747036,0.5164790494058786,0.8333333333333334,0.04065040650406504,0.04065040650406504,0.9923076923076923,0.5222672064777328,0.07751937984496124,0.032958098811757264,129,1,118,5
0.9699999999999999,0.5296442687747036,0.5164790494058786,0.8333333333333334,0.04065040650406504,0.04065040650406504,0.9923076923076923,0.5222672064777328,0.07751937984496124,0.032958098811757264,129,1,118,5
0.9749999999999999,0.5296442687747036,0.516260162601626,1.0,0.032520325203252036,0.032520325203252036,1.0,0.5220883534136547,0.06299212598425197,0.03252032520325199,130,0,119,4
0.9799999999999999,0.5296442687747036,0.516260162601626,1.0,0.032520325203252036,0.032520325203252036,1.0,0.5220883534136547,0.06299212598425197,0.03252032520325199,130,0,119,4
0.9849999999999999,0.5217391304347826,0.508130081300813,1.0,0.016260162601626018,0.016260162601626018,1.0,0.5179282868525896,0.032,0.016260162601626105,130,0,121,2
0.9899999999999999,0.5217391304347826,0.508130081300813,1.0,0.016260162601626018,0.016260162601626018,1.0,0.5179282868525896,0.032,0.016260162601626105,130,0,121,2
0.9949999999999999,0.5177865612648221,0.5040650406504065,1.0,0.008130081300813009,0.008130081300813009,1.0,0.5158730158730159,0.016129032258064516,0.008130081300812941,130,0,122,1
